<?xml version="1.0" encoding="UTF-8"?>
<beans xmlns="http://www.springframework.org/schema/beans"
    xmlns:xsi="http://www.w3.org/2001/XMLSchema-instance"
    xsi:schemaLocation="http://www.springframework.org/schema/beans
        http://www.springframework.org/schema/beans/spring-beans.xsd">

    <bean id="address" class="com.training.beans.Address">
    	<property name="city" value="Varanasi"/>
    	<property name="state" value="Uttar Pradesh"/>
	</bean>
    <bean id="dept" class="com.training.beans.Department">
        <property name="id" value="1" />
        <property name="name" value="Marketing"/>
    </bean>
    <bean name="employee" class="com.training.beans.Employee" autowire="constructor">
        <property name="empName" value="George Fernandes"/>
	</bean>     
</beans>